RegionId,Region0,Region1,Region2,Region3
Region0,0,0.166666667,0.25,0.133333333
Region1,0.166666667,0,0.15,0.183333333
Region2,0.25,0.15,0,0.333333333
Region3,0.133333333,0.183333333,0.333333333,0
